-- phpMyAdmin SQL Dump
-- version 3.3.5.1
-- http://www.phpmyadmin.net
--
-- 主机: localhost
-- 生成日期: 2018 年 09 月 08 日 15:35
-- 服务器版本: 5.1.56
-- PHP 版本: 5.2.17

SET SQL_MODE="NO_AUTO_VALUE_ON_ZERO";


/*!40101 SET @OLD_CHARACTER_SET_CLIENT=@@CHARACTER_SET_CLIENT */;
/*!40101 SET @OLD_CHARACTER_SET_RESULTS=@@CHARACTER_SET_RESULTS */;
/*!40101 SET @OLD_COLLATION_CONNECTION=@@COLLATION_CONNECTION */;
/*!40101 SET NAMES utf8 */;

--
-- 数据库: `wxdt`
--

-- --------------------------------------------------------

--
-- 表的结构 `dt_activity`
--

CREATE TABLE IF NOT EXISTS `dt_activity` (
  `aid` mediumint(10) NOT NULL AUTO_INCREMENT,
  `aorganization` varchar(100) NOT NULL,
  `atitle` varchar(200) NOT NULL,
  `adescribe` varchar(200) NOT NULL,
  `abthumb` varchar(100) NOT NULL,
  `athumb` varchar(100) NOT NULL,
  `asthumb` varchar(100) NOT NULL,
  `mid` mediumint(10) NOT NULL,
  `astarttime` varchar(30) NOT NULL,
  `aendtime` varchar(30) NOT NULL,
  `arnum` int(3) NOT NULL DEFAULT '0',
  `acnum` int(3) NOT NULL DEFAULT '0',
  `acondition` float(5,2) NOT NULL,
  `artnum` int(3) NOT NULL,
  `astnum` int(3) NOT NULL DEFAULT '0',
  `arpnum` int(3) NOT NULL,
  `aspnum` int(3) NOT NULL,
  `arule` longtext NOT NULL,
  `adeadline` varchar(30) NOT NULL,
  `amaterial` varchar(200) NOT NULL,
  `aredpacket` varchar(200) NOT NULL,
  `ausers` mediumint(12) NOT NULL DEFAULT '0',
  `aviews` mediumint(12) NOT NULL DEFAULT '0',
  `atime` varchar(20) NOT NULL,
  PRIMARY KEY (`aid`)
) ENGINE=InnoDB  DEFAULT CHARSET=utf8 AUTO_INCREMENT=2 ;

--
-- 转存表中的数据 `dt_activity`
--

INSERT INTO `dt_activity` (`aid`, `aorganization`, `atitle`, `adescribe`, `abthumb`, `athumb`, `asthumb`, `mid`, `astarttime`, `aendtime`, `arnum`, `acnum`, `acondition`, `artnum`, `astnum`, `arpnum`, `aspnum`, `arule`, `adeadline`, `amaterial`, `aredpacket`, `ausers`, `aviews`, `atime`) VALUES
(1, '单位名称', '开展学习宣传党的十九大精神答题抽奖活动', '微信答题抽奖开展学习宣传党的十九大精神答题抽奖活动', 'abthumb15363074523936.jpg', 'asthumb15239278624669.jpg', 'asthumb15239278629094.jpg', 2, '2018-04-25 08:00:00', '2018-11-30 17:30:00', 6, 2, 0.60, 300, 300, 300, 300, '<p><strong>活动时间：</strong></p><p><br/></p><p><strong>奖品设置：</strong></p><p>特等奖2名：价值约500元奖品；</p><p>一等奖50名：50元微信红包；</p><p>二等奖200名：30元微信红包；</p><p>三等奖2000名：5元微信红包。</p><p><br/></p><p><strong>兑奖方式：</strong></p><p>一等奖、二等奖、三等奖的微信红包当场兑现，特等奖本人凭微信上的中奖提示、<strong>身份证或户口本</strong>到##领取。</p><p><br/></p><p><strong>活动规则：</strong></p><p>1、本期活动系统将随机抽取8道题目，正确率达70%即答对6题可参与抽奖。</p><p>2、每人可参与多次答题，每答题一次分值达标后有且仅有一次抽奖机会，但本活动仅有两次抽奖机会。<br/></p><p>3、答题分值达标后未参加抽奖者，则视为放弃本次答题抽奖的机会。即若您第一次答题放弃的抽奖机会，那么您就仅剩下一次抽奖机会！</p><p>4、<strong><span style="color: rgb(255, 255, 0);">中奖后需填写真实姓名和手机号，用于兑奖。特等奖需中奖者凭身份证或户口本领取，只有登记的名称与身份证或户口本上名称一致才可以领取；系统发放红包时也会验证信息的真实性，若信息不符，红包会发放失败，微信号未实名的亦会打款失败。这两种情况打款失败的，需自行负责。谢谢合作！</span></strong><br/></p><p>5、严禁采取技术性手段舞弊，一经查实，取消资格，严重者追究其法律责任。</p>', '2019-08-24 08:12:46', '请于5月24日-5月30日 到到哪里领取领取 奖品！', '点击确认后，红包直接打款到您的微信钱包中！', 3952, 11645, '1524888087');

-- --------------------------------------------------------

--
-- 表的结构 `dt_black`
--

CREATE TABLE IF NOT EXISTS `dt_black` (
  `bid` mediumint(10) NOT NULL AUTO_INCREMENT,
  `bname` varchar(10) DEFAULT NULL,
  PRIMARY KEY (`bid`)
) ENGINE=InnoDB DEFAULT CHARSET=utf8 AUTO_INCREMENT=1 ;

--
-- 转存表中的数据 `dt_black`
--


-- --------------------------------------------------------

--
-- 表的结构 `dt_draw`
--

CREATE TABLE IF NOT EXISTS `dt_draw` (
  `did` mediumint(10) NOT NULL AUTO_INCREMENT,
  `aid` mediumint(10) NOT NULL,
  `uid` mediumint(10) NOT NULL,
  `dwin` int(1) NOT NULL DEFAULT '0',
  `daward` varchar(100) NOT NULL,
  `dname` varchar(100) NOT NULL,
  `dtime` varchar(20) NOT NULL,
  `daonum` varchar(50) NOT NULL,
  `dcode` varchar(50) DEFAULT NULL,
  `dqrcode` varchar(100) NOT NULL COMMENT '二维码',
  `datime` varchar(20) DEFAULT NULL,
  PRIMARY KEY (`did`)
) ENGINE=InnoDB  DEFAULT CHARSET=utf8 AUTO_INCREMENT=46 ;

--
-- 转存表中的数据 `dt_draw`
--

INSERT INTO `dt_draw` (`did`, `aid`, `uid`, `dwin`, `daward`, `dname`, `dtime`, `daonum`, `dcode`, `dqrcode`, `datime`) VALUES
(24, 1, 3, 3, '三等奖', '10元话费', '1533388851', '2018080452495754', '180804515452', '', '1533388917'),
(25, 1, 3, 3, '三等奖', '10元话费', '1533391221', '2018080497579810', '180804535597', '', '1533576007'),
(26, 1, 3, 2, '二等奖', '20元话费', '1534053576', '', '180812565448', 'qrcode_180812565448.png', NULL),
(27, 1, 3, 3, '三等奖', '10元话费', '1534054317', '', '180812100485', 'qrcode_180812100485.png', NULL),
(34, 1, 3, 1, '一等奖', '30元话费', '1536310892', '', '180907995699', '', NULL),
(35, 1, 3, 0, '谢谢参与', '未中奖', '1536310957', '', NULL, '', NULL),
(36, 1, 3, 0, '谢谢参与', '未中奖', '1536311265', '', NULL, '', NULL),
(37, 1, 3, 0, '谢谢参与', '未中奖', '1536311431', '', NULL, '', NULL),
(38, 1, 3, 2, '二等奖', '20元话费', '1536311480', '', '180907564849', '', NULL),
(39, 1, 3, 2, '二等奖', '20元话费', '1536311625', '', '180907574853', '', NULL),
(40, 1, 3, 2, '二等奖', '20元话费', '1536311873', '', '180907494910', 'qrcode_180907494910.png', NULL),
(41, 1, 3, 0, '谢谢参与', '未中奖', '1536312105', '', NULL, '', NULL),
(42, 1, 3, 0, '谢谢参与', '未中奖', '1536312275', '', NULL, '', NULL),
(43, 1, 3, 2, '二等奖', '20元话费', '1536312323', '', '180907514849', '', NULL),
(44, 1, 3, 2, '二等奖', '20元话费', '1536312509', '', '180907100495', '', NULL),
(45, 1, 3, 2, '二等奖', '20元话费', '1536391718', '', '180908549849', 'qrcode_180908549849.png', NULL);

-- --------------------------------------------------------

--
-- 表的结构 `dt_manage`
--

CREATE TABLE IF NOT EXISTS `dt_manage` (
  `mid` mediumint(10) NOT NULL AUTO_INCREMENT,
  `aid` mediumint(10) NOT NULL,
  `mname` varchar(30) NOT NULL,
  `mpasswd` varchar(50) NOT NULL,
  `mtime` varchar(20) DEFAULT NULL,
  `mlogip` varchar(20) DEFAULT NULL,
  `mlogtime` varchar(20) DEFAULT NULL,
  PRIMARY KEY (`mid`)
) ENGINE=InnoDB  DEFAULT CHARSET=utf8 AUTO_INCREMENT=2 ;

--
-- 转存表中的数据 `dt_manage`
--

INSERT INTO `dt_manage` (`mid`, `aid`, `mname`, `mpasswd`, `mtime`, `mlogip`, `mlogtime`) VALUES
(1, 1, 'longquan', 'e10adc3949ba59abbe56e057f20f883e', '1532661129', '220.250.39.12', '1533393555');

-- --------------------------------------------------------

--
-- 表的结构 `dt_menu`
--

CREATE TABLE IF NOT EXISTS `dt_menu` (
  `mid` mediumint(10) NOT NULL AUTO_INCREMENT,
  `mtitle` varchar(20) NOT NULL,
  `murl` varchar(600) DEFAULT NULL,
  `mpid` mediumint(10) NOT NULL DEFAULT '0',
  PRIMARY KEY (`mid`),
  KEY `mid` (`mid`)
) ENGINE=InnoDB  DEFAULT CHARSET=utf8 AUTO_INCREMENT=5 ;

--
-- 转存表中的数据 `dt_menu`
--

INSERT INTO `dt_menu` (`mid`, `mtitle`, `murl`, `mpid`) VALUES
(4, '答题抽奖', 'DATICHOUJIANG', 0);

-- --------------------------------------------------------

--
-- 表的结构 `dt_prize`
--

CREATE TABLE IF NOT EXISTS `dt_prize` (
  `pid` mediumint(10) NOT NULL AUTO_INCREMENT,
  `aid` mediumint(10) NOT NULL,
  `ptype` int(1) NOT NULL COMMENT '类型：1 卡券实物，2 微信红包',
  `paward` varchar(50) NOT NULL COMMENT '等级：一等奖、二等奖....',
  `ppacket` decimal(10,2) NOT NULL DEFAULT '0.00',
  `pname` varchar(80) NOT NULL,
  `pthumb` varchar(100) NOT NULL,
  `pnum` int(10) NOT NULL DEFAULT '0',
  `prleft` int(10) NOT NULL DEFAULT '0' COMMENT '实际剩余',
  `pleft` int(10) NOT NULL DEFAULT '0',
  `pprobability` float(5,4) NOT NULL DEFAULT '0.0000',
  PRIMARY KEY (`pid`)
) ENGINE=InnoDB  DEFAULT CHARSET=utf8 AUTO_INCREMENT=4 ;

--
-- 转存表中的数据 `dt_prize`
--

INSERT INTO `dt_prize` (`pid`, `aid`, `ptype`, `paward`, `ppacket`, `pname`, `pthumb`, `pnum`, `prleft`, `pleft`, `pprobability`) VALUES
(1, 1, 1, '一等奖', 0.00, '30元话费', 'pth115331092217622.jpg', 20, 18, 18, 0.0000),
(2, 1, 1, '二等奖', 0.00, '20元话费', 'pth215331092213569.jpg', 20, 11, 11, 0.8000),
(3, 1, 1, '三等奖', 0.00, '10元话费', 'pth315331092217770.jpg', 30, 12, 12, 0.0000);

-- --------------------------------------------------------

--
-- 表的结构 `dt_subject`
--

CREATE TABLE IF NOT EXISTS `dt_subject` (
  `sid` mediumint(10) NOT NULL AUTO_INCREMENT,
  `aid` mediumint(10) NOT NULL,
  `stype` int(1) NOT NULL DEFAULT '0',
  `stitle` longtext NOT NULL,
  `soption1` varchar(100) NOT NULL,
  `soption2` varchar(100) NOT NULL,
  `soption3` varchar(100) NOT NULL,
  `soption4` varchar(100) NOT NULL,
  `soption5` varchar(100) NOT NULL,
  `soption6` varchar(100) NOT NULL,
  `sanswer` varchar(100) NOT NULL,
  `sanswers` longtext NOT NULL,
  `stime` varchar(20) NOT NULL,
  PRIMARY KEY (`sid`)
) ENGINE=InnoDB  DEFAULT CHARSET=utf8 AUTO_INCREMENT=198 ;

--
-- 转存表中的数据 `dt_subject`
--

INSERT INTO `dt_subject` (`sid`, `aid`, `stype`, `stitle`, `soption1`, `soption2`, `soption3`, `soption4`, `soption5`, `soption6`, `sanswer`, `sanswers`, `stime`) VALUES
(1, 1, 1, '<p style="margin-top: 0px; margin-bottom: 0px; line-height: 33px;"><span style=";font-family:宋体;font-size:16px"></span></p><p>____是社会主义民主政治的本质特征。</p>', '坚持党的领导', '人民当家作主', '依法治国', '人民民主专政', '', '', 'A', '坚持党的领导、人民当家作主、依法治国有机统一。人民当家作主是社会主义民主政治的本质特征。', '1523503369'),
(2, 1, 1, '<p style="text-align: left;">中国共产党人的初心和使命，就是为中国人民谋幸福，为中华民族谋复兴。</p><p><br/></p>', '正确', '错误', '', '', '', '', 'A', '中国共产党人的初心和使命，就是为中国人民谋幸福，为中华民族谋复兴。这个初心和使命是激励中国共产党人不断前进的根本动力。', '1523342052'),
(3, 1, 1, '<p>新时代中国特色社会主义思想，明确中国特色社会主义最本质的特征是____。</p>', '“五位一体”总体布局', '建设中国特色社会主义法治体系', '人民利益为根本出发点', '中国共产党领导', '', '', 'D', '新时代中国特色社会主义思想，明确中国特色社会主义最本质的特征是中国共产党领导', '1523503557'),
(4, 1, 1, '<p>必须统筹国内国际两个大局，始终不渝走和平发展道路、奉行____的开放战略。</p>', '互利共赢', '互相合作', '包容互信', '开放共赢', '', '', 'A', '必须统筹国内国际两个大局，始终不渝走和平发展道路、 奉行互利共赢的开放战略。', '1523342080'),
(5, 1, 1, '<p>从全面建成小康社会到基本实现现代化，再到全面建成社会主义现代化强国，是新时代中国特色社会主义发展的战略安排。</p>', '正确', '错误', '', '', '', '', 'A', '从全面建成小康社会到基本实现现代化，再到全面建成社会主义现代化强国，是新时代中国特色社会主义发展的战略安排。', '1523264853'),
(6, 1, 1, '<p>实现“两个一百年”奋斗目标、实现中华民族伟大复兴的中国梦，不断提高人民生活水平，必须坚定不移把_____作为党执政兴国的第一要务。<br/></p>', '创新', '改革', '发展', '开放', '', '', 'C', '“两个一百年”奋斗目标、实现中华民族伟大复兴的中国梦，不断提高人民生活水平，必须坚定不移把发展作为党执政兴国的第一要务。', '1524105027'),
(7, 1, 1, '<p>____是一个国家、一个民族发展中更基本、更深沉、更持久的力量。</p>', '道路自信', '理论自信', '制度自信', '文化自信', '', '', 'D', '文化自信是一个国家、一个民族发展中更基本、更深沉、更持久的力量。', '1523265221'),
(8, 1, 1, '<p>党的十九大报告指出，全面依法治国是中国特色社会主义的本质要求和重要保障。</p>', '正确', '错误', '', '', '', '', 'A', '全面依法治国是中国特色社会主义的本质要求和重要保障', '1523265379'),
(9, 1, 1, '<p>中国特色社会主义道路是实现社会主义现代化、创造人民美好生活的必由之路。</p>', '正确', '错误', '', '', '', '', 'A', '中国特色社会主义道路是实现社会主义现代化、创造人民美好生活的必由之路。', '1523342498'),
(10, 1, 1, '<p>中国特色社会主义进入新时代，我国社会主要矛盾已经转化为____之间的矛盾。</p>', '人民日益增长的美好生活需要和不平衡不充分的发展', '人民日益增长的物质文化需求和不平衡不充分的发展', '人民日益增长的美好生活需要同落后的社会生产力', '人民日益增长的物质文化需求和落后的社会生产力', '', '', 'A', '中国特色社会主义进入新时代，我国社会主要矛盾已经转化为人民日益增长的美好生活需要和不平衡不充分的发展之间的矛盾。', '1523503662'),
(11, 1, 1, '<p>工会组织的四项基本职能是参与职能、指导职能、建设职能、教育职能。</p>', '正确', '错误', '', '', '', '', 'B', '工会组织的四项基本职能是参与职能、维护职能、建设职能、教育职能', '1523342528'),
(12, 1, 1, '<p>企业、事业单位、机关以及其他组织有会员___人以上的，应当建立基层工会委员会。</p>', '15', '20', '25', '30', '', '', 'C', '企业、事业单位、机关以及其他组织有会员25人以上的，应当建立基层工会委员会。', '1523503721'),
(13, 1, 1, '<p>工会主席、副主席不得由本企业的法定代表人兼任，但可由分管劳动、工资、人事的企业负责人兼任。</p>', '正确', '错误', '', '', '', '', 'B', '工会主席、副主席不得由本企业的法定代表人兼任，也不宜由分管劳动、工资、人事的企业负责人兼任。', '1523342618'),
(14, 1, 1, '<p>工会签订集体合同，上级工会____给予支持和帮助。<br/></p>', '应当', '可以', '必须', '应当大力', '', '', 'A', '法律规定，工会签订集体合同，上级工会应当给予支持和帮助。', '1524188390'),
(15, 1, 2, '<p>代表职工一方参加集体合同、工资协议协商的代表为职工协商代表。职工协商代表由_____产生。</p>', '工会委派', '职工民主选举', '领导指定', '以上都错', '', '', 'AB', '代表职工一方参加集体合同、工资协议协商的代表为职工协商代表。职工协商代表由工会委派或者由职工民主选举产生。', '1523504207'),
(16, 1, 1, '<p>工会通过平等协商和集体合同制度，协调劳动关系，维护职工的劳动权益和物质利益。</p>', '正确', '错误', '', '', '', '', 'A', '工会通过平等协商和集体合同制度，协调劳动关系，维护职工的劳动权益和物质利益。', '1523342137'),
(17, 1, 2, '<p>《劳动法》第80条规定：“在用人单位内，可以设立劳动争议调解委员会。劳动争议调解委员会由___组成</p>', '单位代表', '职工代表', '工会代表', '法院代表', '', '', 'ABC', '根据《劳动法》规定：在用人单位内，可以设立劳动争议调解委员会负责调解本单位的劳动争议。调解委员会委员由单位代表、职工代表、工会代表组成。', '1523504379'),
(18, 1, 1, '<p>在职在岗职工参加职工医疗互助活动的限定年龄是：男职工55周岁、女职工干部身份50周岁。<br/></p>', '正确', '错误', '', '', '', '', 'B', '在职在岗职工参加职工医疗互助活动的限定年龄是：男职工60周岁、女职工干部身份55周岁、女职工工人身份50周岁以内。', '1524188152'),
(19, 1, 1, '<p style="margin-top:0;margin-bottom:0;line-height:33px"><span style=";font-family:宋体;font-size:16px"></span></p><p>机关事业（含企业化管理的事业单位）职工医疗互助金每人缴纳100元，国企互助金每人缴纳___，其他企业互助金每人缴纳36元，女特每人缴纳___。<br/></p><p style="margin-top:0;margin-bottom:0;line-height:33px"><span style=";font-family:宋体;font-size:16px"></span><br/></p><p><br/></p>', '80元 、36元', '100元、36元', '80元、25元', '100元、25元', '', '', 'C', '机关事业（含企业化管理的事业单位）职工医疗互助金每人缴纳100元，国企互助金每人缴纳80元，其他企业互助金每人缴纳36元，女特每人缴纳25元。', '1523329288'),
(20, 1, 2, '<p>申报职工医疗互助补助金应提供哪些材料：</p>', '补助金申请表一式两份', '住院费用发票、住院费用电脑总清单（盖印）、龙岩市医疗保险住院费用清单（盖印）、住院出院小结', '申请人身份证原件及复印件', '申请人银行卡或存折复印件', '', '', 'ABCD', '申报职工医疗互助补助金应提供：\n①补助金申请表一式两份\n②住院费用发票、住院费用电脑总清单（盖印）、龙岩市医疗保险住院费用清单（盖印）、住院出院小结\n③申请人身份证原件及复印件\n④申请人银行卡或存折复印件', '1523329396'),
(21, 1, 1, '<p>______是在全面建成小康社会决胜阶段、中国特色社会主义进入 新时代 的关键时期召开的一次十分重要的大会。</p>', '中国共产党第十九次全国代表大会', '中国共产党第十六次全国代表大会', '中国共产党第十八次全国代表大会', '中国共产党第十五次全国代表大会', '', '', 'A', '中国共产党第十九次全国代表大会，是在全面建成小康社会决胜阶段、中国特色社会主义进入 新时代 的关键时期召开的一次十分重要的大会。', '1523329475'),
(22, 1, 1, '<p>十九大的主题是：_______ ，高举中国特色社会主义伟大旗帜，决胜全面建成小康社会，夺取新时代中国特色社会主义伟大胜利，为实现中华民族伟大复兴的中国梦不懈奋斗。</p>', '不忘初心 , 牢记使命', '高举旗帜 , 团结奋进', '锐意进取 , 埋头苦干', '总体布局 , 协调推进', '', '', 'A', '十九大的主题是：不忘初心， 牢记使命 ，高举中国特色社会主义伟大旗帜，决胜全面建成小康社会，夺取新时代中国特色社会主义伟大胜利，为实现中华民族伟大复兴的中国梦不懈奋斗。', '1523329661'),
(23, 1, 1, '<p>_____是指导党和人民实现中华民族伟大复兴的正确理论。</p>', '中国特色社会主义理论体系', '中国社会主义理论体系', '中国特色社会主义制度', '中国特色社会主义道路', '', '', 'A', '中国特色社会主义理论体系 是指导党和人民实现中华民族伟大复兴的正确理论。', '1523504471'),
(24, 1, 1, '<p>新时代中国特色社会主义思想，明确坚持和发展中国特色社会主义，总任务是实现社会主义现代化和中华民族伟大复兴，在全面建成小康社会的基础上，分____在本世纪中叶建成富强民主文明和谐美丽的社会主义现代化强国。</p>', '两步走', '三步走', '四步走', '五步走', '', '', 'B', '新时代中国特色社会主义思想，明确坚持和发展中国特色社会主义,总任务是实现社会主义现代化和中华民族伟大复兴,在全面建成小康社会的基础上，分 三步走 在本世纪中叶建成富强民主文明和谐美丽的社会主义现代化强国。', '1523504491'),
(25, 1, 1, '<p>新时代中国特色社会主义思想，明确中国特色社会主义最本质的特征是 ______ 。</p>', '中国共产党领导', '公有制', '人民代表大会', '改革开放', '', '', 'A', '新时代中国特色社会主义思想，明确中国特色社会主义最本质的特征是 中国共产党领导 。', '1523342181'),
(26, 1, 1, '<p>从现在到二〇二〇年，是全面建成小康社会 决胜期</p>', '正确', '错误', '', '', '', '', 'A', '从现在到二〇二〇年，是全面建成小康社会 决胜期', '1523342885'),
(27, 1, 1, '<p>从 ___ 到___，是“两个一百年”奋斗目标的历史交汇期。</p>', '十六大 、十七大', '十七大、十八大', '十八大、十九大', '十九大、二十大', '', '', 'D', '从 十九大 到 二十大 ，是“两个一百年”奋斗目标的历史交汇期。', '1523342229'),
(28, 1, 1, '<p>综合分析国际国内形势和我国发展条件，从二〇二〇年到本世纪中叶可以分两个阶段来安排。第一个阶段，从 二〇二〇年 到 二〇三五年 ，在全面建成小康社会的基础上，再奋斗十五年，基本实现社会主义现代化。</p>', '正确', '错误', '', '', '', '', 'A', '综合分析国际国内形势和我国发展条件，从二〇二〇年到本世纪中叶可以分两个阶段来安排。第一个阶段，从 二〇二〇年 到 二〇三五年 ，在全面建成小康社会的基础上，再奋斗十五年，基本实现社会主义现代化。', '1523330474'),
(29, 1, 1, '<p>从全面建成小康社会到基本实现现代化，再到全面建成 ____，是新时代中国特色社会主义发展的战略安排。</p>', '社会主义现代化强国', '社会主义现代化国家', '共产主义现代化国家', '共产主义现代化强国', '', '', 'A', '从全面建成小康社会到基本实现现代化，再到全面建成 社会主义现代化强国 ，是新时代中国特色社会主义发展的战略安排。', '1523504604'),
(30, 1, 1, '<p>___作为党执政兴国的第一要务</p>', '依法治国', '发展', '改革', '', '', '', 'B', '实现“两个一百年”奋斗目标、实现中华民族伟大复兴的中国梦，不断提高人民生活水平，必须坚定不移把 发展 作为党执政兴国的第一要务。', '1523330633'),
(31, 1, 1, '<p>我国经济已由高速增长阶段转向（）发展阶段</p>', '高质量', '中高质量', '缓慢', '', '', '', 'A', '我国经济已由 高速增长 阶段转向 高质量发展 阶段，正处在转变发展方式、优化经济结构、转换增长动力的攻关期，建设现代化经济体系是跨越关口的迫切要求和我国发展的战略目标。', '1523330736'),
(32, 1, 1, '<p>五年来，我们统筹推进（）总体布局、协调推进（）战略布局，“十二五”规划胜利完成，“十三五”规划顺利实施，党和国家事业全面开创新局面。</p>', '五位一体、四个全面', '四位一体、五个全面', '五个全面、四位一体', '四个全面、五位一体', '', '', 'A', '五年来，我们统筹推进“ 五位一体 ”总体布局、协调推进“ 四个全面 ”战略布局，“十二五”规划胜利完成，“十三五”规划顺利实施，党和国家事业全面开创新局面。', '1523330849'),
(33, 1, 1, '<p>经过长期努力，中国特色社会主义进入了新时代，这是我国发展新的（ ）。&nbsp;</p>', '未来方向', '未来方位', '历史方向', '历史方位', '', '', 'D', '经过长期努力，中国特色社会主义进入了新时代，这是我国发展新的 历史方位 。', '1523330925'),
(34, 1, 1, '<p>过去五年，脱贫攻坚战取得决定性进展，六千多万贫困人口稳定脱贫，贫困发生率从百分之十点二下降到（ ）以下。</p>', '百分之三', '百分之四', '百分之五', '百分之六', '', '', 'B', '脱贫攻坚战取得决定性进展， 六千多万 贫困人口稳定脱贫，贫困发生率从百分之十点二下降到百分之四以下。', '1523331004'),
(35, 1, 1, '<p>_____是实现社会主义现代化、创造人民美好生活的必由之路。</p>', '中国特色社会主义道路', '中国特色社会主义理论体系', '中国特色社会主义制度', '中国特色社会主义文化', '', '', 'A', '中国特色社会主义道路 是实现社会主义现代化、创造人民美好生活的必由之路。', '1523331082'),
(36, 1, 1, '<p>______ 是指导党和人民实现中华民族伟大复兴的正确理论。</p>', '中国特色社会主义文化', '中国特色社会主义道路', '​中国特色社会主义理论体系', '中国特色社会主义制度', '', '', 'C', '中国特色社会主义理论体系 是指导党和人民实现中华民族伟大复兴的正确理论。', '1523331140'),
(37, 1, 1, '<p>______ 是当代中国发展进步的根本制度保障。</p>', '中国特色社会主义制度', '中国特色社会主义道路', '中国特色社会主义理论体系', '中国特色社会主义文化', '', '', 'A', ' 中国特色社会主义制度 是当代中国发展进步的根本制度保障。', '1523331204'),
(38, 1, 1, '<p>____中国特色社会主义文化是激励全党全国各族人民奋勇前进的强大精神力量。</p>', '中国特色社会主义理论体系', '中国特色社会主义文化', '中国特色社会主义制度', '中国特色社会主义道路', '', '', 'B', '中国特色社会主义文化_中国特色社会主义文化是激励全党全国各族人民奋勇前进的强大精神力量。', '1523331258'),
(39, 1, 1, '<p>发展是解决我国一切问题的基础和关键，发展必须是科学发展，必须坚定不移贯彻____的发展理念。</p>', '创新、协调、绿色、开放、共享', '创造、协调、生态、开放、共享', '创新、统筹、绿色、开放、共享', '创造、统筹、生态、开放、共享', '', '', 'A', '发展是解决我国一切问题的基础和关键，发展必须是科学发展，必须坚定不移贯彻 创新、协调、绿色、开放、共享 的发展理念。', '1523331355'),
(40, 1, 1, '<p>全面依法治国是中国特色社会主义的（)</p>', '本质要求', '本质要求和重要保障', '要求和基础', '重要保障', '', '', 'B', '全面依法治国 是中国特色社会主义的本质要求和重要保障。', '1523331432'),
(41, 1, 1, '<p>贯彻新发展理念，建设现代化经济体系，必须坚持质量第一、效益优先，以_______为主线。</p>', '转变发展方式', '优化经济结构', '供给侧结构性改革', '转换增长动力', '', '', 'C', '贯彻新发展理念，建设现代化经济体系，必须坚持质量第一、效益优先，以 供给侧结构性改革 为主线。', '1523331503'),
(42, 1, 2, '<p>《安全生产法》规定的安全生产管理方针是_____ 。</p>', '安全第一', '预防为主', '综合治理', '', '', '', 'ABC', '《安全生产法》规定的安全生产管理方针是安全第一、预防为主、综合治理 。', '1523331594'),
(43, 1, 1, '<p style="margin-top: 0px; margin-bottom: 0px; line-height: 33px;">不具备安全生产条件的生产经营单位不得从事生产经营活动 。<br/></p>', '正确', '错误', '', '', '', '', 'A', '依据《安全生产法》第十七条的规定，不具备安全生产条件的生产经营单位不得从事生产经营活动 。', '1523331630'),
(44, 1, 1, '<p style="margin-top:0;margin-bottom:0;line-height:33px"><span style=";font-family:宋体;font-size:16px"></span>特种作业人员必须经专门的安全作业培训。取得相应资格，方可上岗作业。<span style=";font-family:宋体;font-size:16px"></span></p><p><br/></p>', '正确', '错误', '', '', '', '', 'A', '《安全生产法》规定，特种作业人员必须经专门的安全作业培训。取得相应资格，方可上岗作业。', '1523331920'),
(45, 1, 1, '<p>企业、事业单位召开讨论有关工资、福利、劳动安全卫生、社会保险等涉及职工切身利益的会议，____有工会代表参加。</p>', '不能', '可以', '应当', '必须', '', '', 'D', '企业、事业单位召开讨论有关工资、福利、劳动安全卫生、社会保险等涉及职工切身利益的会议，必须 有工会代表参加。', '1523504709'),
(46, 1, 1, '<p>女职工人数较多的，可以建立工会()，在同级工会领导下开展工会;女职工人数少的，可以在工会委员会中设()。</p>', '女职工委员会，女职工组织', '女工组织，女工组织', '女工组织，女职工委会', '女职工委员会，女职工委员', '', '', 'D', '女职工人数较多的，可以建立工会 女职工委员会 ，在同级工会领导下开展工作;女职工人数较少的，可以在工会委员会中设女职工委员。', '1523332130'),
(47, 1, 1, '<p><span style="color: rgb(102, 102, 102); font-family: 微软雅黑, &#39;microsoft yahei&#39;, Arial, Helvetica, sans-serif; font-size: 14px; line-height: 30px; background-color: rgb(255, 255, 255);">工会依照法律规定通过________或者其他形式，组织职工参与本单位的_____、民主管理和民主监督。</span></p>', '职工代表大会 、民主决策', '工会主管 、民主协商', '职工代表大会 、民主管理', '工会主管 、民主监督', '', '', 'A', '工会依照法律规定通过 职工代表大会 或者其他形式，组织职工参与本单位的民主决策 、民主管理和民主监督。', '1523332343'),
(48, 1, 1, '<p>工会基层委员会的每届任期为 ______ 。</p>', '二年至四年', '三年至五年', '三年或五年', '二年或四年', '', '', 'C', '工会基层委员会的每届任期为 三年或者五年 。', '1523332431'),
(49, 1, 1, '<p>用人单位直接涉及劳动者切身利益的规章制度违反法律、法规规定的，由劳动行政部门 _____ ；给劳动者造成损害的，依法承担赔偿责任。&nbsp;</p>', '给予警告', '责令整改', '责令改正并给予警告', '', '', '', 'C', '用人单位直接涉及劳动者切身利益的规章制度违反法律、法规规定的，由劳动行政部门 责令改正并给予警告 ；给劳动者造成损害的，依法承担赔偿责任。 ', '1523332566'),
(50, 1, 1, '<p>用人单位自用工之日起超过一个月不满一年未与劳动者订立书面劳动合同的，应当向劳动者每月支付 ___ 倍的工资。&nbsp;</p>', '2', '3', '4', '5', '', '', 'A', '用人单位自用工之日起超过一个月不满一年未与劳动者订立书面劳动合同的，应当向劳动者每月支付 二 倍的工资。 ', '1523332613'),
(51, 1, 1, '<p>任何单位和个人对用人单位违反劳动法律法规的行为，可以向_____举报或投诉。</p>', '总工会', '工会劳动法律监督委员会', '', '', '', '', 'B', '任何单位和个人对用人单位违反劳动法律法规的行为，可以向工会劳动法律监督委员会举报或投诉。', '1523332771'),
(52, 1, 1, '<p>_____可以通过新闻媒体对侵害职工合法权益的重大事件及处置情况进行通报。</p>', '县级以上地方总工会', '乡级以上地方总工会', '省级以上地方总工会', '', '', '', 'A', '县级以上地方总工会可以通过新闻媒体对侵害职工合法权益的重大事件及处置情况进行通报。', '1523332841'),
(53, 1, 1, '<p>以新思想引领工会新征程，最根本的是按照增强____的要求推进工会政治建设，做到旗帜鲜明、立场坚定、捍卫有力。</p>', '政治性', '思想性', '时代性', '原则性', '', '', 'A', '以新思想引领工会新征程，最根本的是按照增强政治性的要求推进工会政治建设，做到旗帜鲜明、立场坚定、捍卫有力。', '1523504818'),
(54, 1, 1, '<p>工会要旗帜鲜明地坚持党的领导，按照习近平总书记提出的要求强化工会政治建设，做到“党有号召，工会有行动”、“党指向哪里，工会就走向哪里”。</p>', '正确', '错误', '', '', '', '', 'A', '工会要旗帜鲜明地坚持党的领导，按照习近平总书记提出的要求强化工会政治建设，做到“党有号召，工会有行动”、“党指向哪里，工会就走向哪里”。', '1523332997'),
(55, 1, 1, '<p>工会要牢牢把握____的主题，围绕实现“两个一百年”奋斗目标，全面贯彻党的全心全意依靠工人阶级的方针。</p>', '新时代工人运动', '创新', '', '', '', '', 'A', '工会要牢牢把握新时代工人运动的主题，围绕实现“两个一百年”奋斗目标，全面贯彻党的全心全意依靠工人阶级的方针。', '1523333179'),
(56, 1, 2, '<p>自觉参与深化供给侧结构性改革、振兴实体经济和促进经济转型升级，特别要把推动产业工人队伍建设改革放在突出位置，建设____职工队伍，大力弘扬劳模精神和工匠精神，营造劳动光荣的社会风尚和精益求精的敬业风气。</p>', '知识型', '领导型', '创新型', '技能型', '', '', 'ACD', '自觉参与深化供给侧结构性改革、振兴实体经济和促进经济转型升级，特别要把推动产业工人队伍建设改革放在突出位置，建设知识型、技能型、创新型职工队伍，大力弘扬劳模精神和工匠精神，营造劳动光荣的社会风尚和精益求精的敬业风气。', '1523342384'),
(57, 1, 2, '<p>工会系统的改革正向纵深发展，工会组织要认真贯彻习近平总书记的要求，紧密结合自身实际，紧紧围绕增强____，以全面推进工会系统党的建设为牵引，直面突出问题，采取有力措施，敢于攻坚克难，破解重点难点。</p>', '政治性', '先进性', '群众性', '', '', '', 'ABC', '工会系统的改革正向纵深发展，工会组织要认真贯彻习近平总书记的要求，紧密结合自身实际，紧紧围绕增强政治性、先进性、群众性，以全面推进工会系统党的建设为牵引，直面突出问题，采取有力措施，敢于攻坚克难，破解重点难点。', '1523333320'),
(58, 1, 1, '<p>积极改进_____工作，突出做好困难职工解困脱困工作，保证实现在全面建成小康中一个不能少、在共同富裕路上一个不能掉队。</p>', '帮助困难职工', '服务群众', '服务职工', '', '', '', 'C', '积极改进服务职工工作，突出做好困难职工解困脱困工作，保证实现在全面建成小康中一个不能少、在共同富裕路上一个不能掉队。', '1523333447'),
(173, 1, 1, '<p>经有关部门批准，个人可以开办戒毒脱瘾治疗业务。</p>', '正确', '错误', '', '', '', '', 'B', 'B', '1533084187'),
(174, 1, 1, '<p>精神药品的原料和制剂，按国家计划调拨，生产单位不得自行销售。</p>', '正确', '错误', '', '', '', '', 'A', 'A', '1533084187'),
(175, 1, 1, '<p>强制隔离戒毒人员的戒毒相关费用由其本人承担。</p>', '正确', '错误', '', '', '', '', 'B', 'B', '1533084187'),
(176, 1, 1, '<p>青少年涉毒犯罪的特征表现为：低龄化趋势明显，吸毒犯罪者居多。</p>', '正确', '错误', '', '', '', '', 'A', 'A', '1533084187'),
(177, 1, 1, '<p>任何陌生人委托我们帮他保管任何物品，我们都应该拒绝。（ &nbsp;）</p>', '正确', '错误', '', '', '', '', 'A', 'A', '1533084187'),
(178, 1, 1, '<p>如果有人在我们周围大量生产制造冰毒，很容易产生大量刺鼻的刺激性气味。这种说法正确吗？</p>', '正确', '错误', '', '', '', '', 'A', 'A', '1533084187'),
(179, 1, 1, '<p>如果有同学或好朋友吃了一些东西以后，发生昏厥、呕吐或是抽搐等不适症状，我们可以拨打120急救电话。</p>', '正确', '错误', '', '', '', '', 'A', 'A', '1533084187'),
(180, 1, 1, '<p>如果自己一个人在家，遇到有不明的快递物品送到家里，我们应该先电话向父母问核实情况，才能开门接受快递员送的东西。这种说法正确吗？</p>', '正确', '错误', '', '', '', '', 'A', 'A', '1533084187'),
(181, 1, 1, '<p>我国的吸毒现象已遍及社会各阶层、各年龄段。</p>', '正确', '错误', '', '', '', '', 'A', 'A', '1533084187'),
(182, 1, 1, '<p>根据我国现行法律法规，对夫妻一方在从事赌博、吸毒等违法犯罪活动中所负债务，另一方仍需承担责任。</p>', '正确', '错误', '', '', '', '', 'B', 'B', '1533084198'),
(183, 1, 1, '<p>经有关部门批准，个人可以开办戒毒脱瘾治疗业务。</p>', '正确', '错误', '', '', '', '', 'B', 'B', '1533084198'),
(184, 1, 1, '<p>精神药品的原料和制剂，按国家计划调拨，生产单位不得自行销售。</p>', '正确', '错误', '', '', '', '', 'A', 'A', '1533084198'),
(185, 1, 1, '<p>强制隔离戒毒人员的戒毒相关费用由其本人承担。</p>', '正确', '错误', '', '', '', '', 'B', 'B', '1533084198'),
(186, 1, 1, '<p>青少年涉毒犯罪的特征表现为：低龄化趋势明显，吸毒犯罪者居多。</p>', '正确', '错误', '', '', '', '', 'A', 'A', '1533084198'),
(187, 1, 1, '<p>任何陌生人委托我们帮他保管任何物品，我们都应该拒绝。（ &nbsp;）</p>', '正确', '错误', '', '', '', '', 'A', 'A', '1533084198'),
(188, 1, 1, '<p>如果有人在我们周围大量生产制造冰毒，很容易产生大量刺鼻的刺激性气味。这种说法正确吗？</p>', '正确', '错误', '', '', '', '', 'A', 'A', '1533084198'),
(189, 1, 1, '<p>如果有同学或好朋友吃了一些东西以后，发生昏厥、呕吐或是抽搐等不适症状，我们可以拨打120急救电话。</p>', '正确', '错误', '', '', '', '', 'A', 'A', '1533084198'),
(190, 1, 1, '<p>如果自己一个人在家，遇到有不明的快递物品送到家里，我们应该先电话向父母问核实情况，才能开门接受快递员送的东西。这种说法正确吗？</p>', '正确', '错误', '', '', '', '', 'A', 'A', '1533084198'),
(191, 1, 1, '<p>我国的吸毒现象已遍及社会各阶层、各年龄段。</p>', '正确', '错误', '', '', '', '', 'A', 'A', '1533084198'),
(192, 1, 2, '<p>代表职工一方参加集体合同、工资协议协商的代表为职工协商代表。职工协商代表由_____产生。</p>', '工会委派', '职工民主选举', '领导指定', '以上都错', '', '', 'AB', '代表职工一方参加集体合同、工资协议协商的代表为职工协商代表。职工协商代表由工会委派或者由职工民主选举产生。', '1523504207'),
(193, 1, 2, '<p>《劳动法》第80条规定：“在用人单位内，可以设立劳动争议调解委员会。劳动争议调解委员会由___组成</p>', '单位代表', '职工代表', '工会代表', '法院代表', '', '', 'ABC', '根据《劳动法》规定：在用人单位内，可以设立劳动争议调解委员会负责调解本单位的劳动争议。调解委员会委员由单位代表、职工代表、工会代表组成。', '1523504379'),
(194, 1, 2, '<p>申报职工医疗互助补助金应提供哪些材料：</p>', '补助金申请表一式两份', '住院费用发票、住院费用电脑总清单（盖印）、龙岩市医疗保险住院费用清单（盖印）、住院出院小结', '申请人身份证原件及复印件', '申请人银行卡或存折复印件', '', '', 'ABCD', '申报职工医疗互助补助金应提供：\n①补助金申请表一式两份\n②住院费用发票、住院费用电脑总清单（盖印）、龙岩市医疗保险住院费用清单（盖印）、住院出院小结\n③申请人身份证原件及复印件\n④申请人银行卡或存折复印件', '1523329396'),
(195, 1, 2, '<p>《安全生产法》规定的安全生产管理方针是_____ 。</p>', '安全第一', '预防为主', '综合治理', '', '', '', 'ABC', '《安全生产法》规定的安全生产管理方针是安全第一、预防为主、综合治理 。', '1523331594'),
(196, 1, 2, '<p>自觉参与深化供给侧结构性改革、振兴实体经济和促进经济转型升级，特别要把推动产业工人队伍建设改革放在突出位置，建设____职工队伍，大力弘扬劳模精神和工匠精神，营造劳动光荣的社会风尚和精益求精的敬业风气。</p>', '知识型', '领导型', '创新型', '技能型', '', '', 'ACD', '自觉参与深化供给侧结构性改革、振兴实体经济和促进经济转型升级，特别要把推动产业工人队伍建设改革放在突出位置，建设知识型、技能型、创新型职工队伍，大力弘扬劳模精神和工匠精神，营造劳动光荣的社会风尚和精益求精的敬业风气。', '1523342384'),
(197, 1, 2, '<p>工会系统的改革正向纵深发展，工会组织要认真贯彻习近平总书记的要求，紧密结合自身实际，紧紧围绕增强____，以全面推进工会系统党的建设为牵引，直面突出问题，采取有力措施，敢于攻坚克难，破解重点难点。</p>', '政治性', '先进性', '群众性', '', '', '', 'ABC', '工会系统的改革正向纵深发展，工会组织要认真贯彻习近平总书记的要求，紧密结合自身实际，紧紧围绕增强政治性、先进性、群众性，以全面推进工会系统党的建设为牵引，直面突出问题，采取有力措施，敢于攻坚克难，破解重点难点。', '1523333320');

-- --------------------------------------------------------

--
-- 表的结构 `dt_test`
--

CREATE TABLE IF NOT EXISTS `dt_test` (
  `tid` mediumint(10) NOT NULL AUTO_INCREMENT,
  `aid` mediumint(10) NOT NULL,
  `uid` mediumint(10) NOT NULL,
  `tscore` float(5,2) NOT NULL DEFAULT '0.00',
  `tscale` varchar(10) NOT NULL,
  `did` mediumint(10) NOT NULL DEFAULT '-1',
  `ttime` varchar(20) NOT NULL,
  PRIMARY KEY (`tid`)
) ENGINE=InnoDB  DEFAULT CHARSET=utf8 AUTO_INCREMENT=347 ;

--
-- 转存表中的数据 `dt_test`
--

INSERT INTO `dt_test` (`tid`, `aid`, `uid`, `tscore`, `tscale`, `did`, `ttime`) VALUES
(286, 1, 3, 63.00, '5/8', 0, '1533281995'),
(287, 1, 3, 63.00, '5/8', 0, '1533282074'),
(288, 1, 3, 38.00, '3/8', 0, '1533282183'),
(289, 1, 3, 50.00, '4/8', 0, '1533282198'),
(290, 1, 3, 75.00, '6/8', 0, '1533282223'),
(291, 1, 3, 75.00, '6/8', 0, '1533282302'),
(292, 1, 3, 88.00, '7/8', 0, '1533282334'),
(293, 1, 3, 100.00, '8/8', 0, '1533283539'),
(294, 1, 3, 88.00, '7/8', 24, '1533388843'),
(295, 1, 3, 100.00, '8/8', 25, '1533391210'),
(296, 1, 3, 88.00, '7/8', 0, '1533391960'),
(297, 1, 3, 63.00, '5/8', 26, '1534053568'),
(298, 1, 3, 13.00, '1/8', 0, '1534054129'),
(299, 1, 3, 88.00, '7/8', 27, '1534054301'),
(300, 1, 3, 88.00, '7/8', 0, '1534340576'),
(325, 1, 3, 38.00, '3/8', 0, '1536308715'),
(326, 1, 3, 100.00, '8/8', 0, '1536308884'),
(327, 1, 3, 13.00, '1/8', 0, '1536309287'),
(328, 1, 3, 75.00, '6/8', 34, '1536310860'),
(329, 1, 3, 75.00, '6/8', 35, '1536310948'),
(330, 1, 3, 88.00, '7/8', 36, '1536311253'),
(331, 1, 3, 75.00, '6/8', 37, '1536311425'),
(332, 1, 3, 88.00, '7/8', 38, '1536311471'),
(333, 1, 3, 88.00, '7/8', 39, '1536311618'),
(334, 1, 3, 75.00, '6/8', 40, '1536311866'),
(335, 1, 3, 0.00, '0/8', 0, '1536311983'),
(336, 1, 3, 88.00, '7/8', 41, '1536312096'),
(337, 1, 3, 100.00, '8/8', 42, '1536312267'),
(338, 1, 3, 88.00, '7/8', 43, '1536312316'),
(339, 1, 3, 63.00, '5/8', 44, '1536312501'),
(340, 1, 3, 0.00, '0/8', 0, '1536312556'),
(341, 1, 3, 38.00, '3/8', 0, '1536323298'),
(342, 1, 3, 25.00, '2/8', 0, '1536390715'),
(343, 1, 3, 13.00, '1/8', 0, '1536391323'),
(344, 1, 3, 0.00, '0/8', 0, '1536391354'),
(345, 1, 3, 13.00, '1/8', 0, '1536391457'),
(346, 1, 3, 88.00, '7/8', 45, '1536391712');

-- --------------------------------------------------------

--
-- 表的结构 `dt_users`
--

CREATE TABLE IF NOT EXISTS `dt_users` (
  `uid` mediumint(10) NOT NULL AUTO_INCREMENT,
  `username` varchar(30) NOT NULL,
  `name` varchar(10) DEFAULT NULL,
  `telphone` varchar(13) DEFAULT NULL,
  `uheadimg` varchar(200) NOT NULL,
  `password` varchar(50) DEFAULT NULL,
  `uopenid` varchar(50) NOT NULL,
  `upopenid` varchar(50) NOT NULL,
  `uloginip` varchar(20) DEFAULT NULL,
  `ulogintime` varchar(20) DEFAULT NULL,
  `uaddtime` varchar(20) NOT NULL,
  `usubscribe` int(1) NOT NULL DEFAULT '0',
  `uislogin` int(1) NOT NULL DEFAULT '0',
  `ugid` int(5) NOT NULL DEFAULT '100',
  PRIMARY KEY (`uid`)
) ENGINE=InnoDB  DEFAULT CHARSET=utf8 AUTO_INCREMENT=22 ;

--
-- 转存表中的数据 `dt_users`
--

INSERT INTO `dt_users` (`uid`, `username`, `name`, `telphone`, `uheadimg`, `password`, `uopenid`, `upopenid`, `uloginip`, `ulogintime`, `uaddtime`, `usubscribe`, `uislogin`, `ugid`) VALUES
(1, 'admin', NULL, NULL, '', '0192023a7bbd73250516f069df18b500', '', '', '220.250.39.28', '1536145430', '1522137921', 0, 0, 1);
-- --------------------------------------------------------

--
-- 表的结构 `dt_wxinfo`
--

CREATE TABLE IF NOT EXISTS `dt_wxinfo` (
  `wid` mediumint(10) NOT NULL AUTO_INCREMENT,
  `wxlforce` int(1) NOT NULL DEFAULT '0',
  `wxlname` varchar(30) NOT NULL,
  `wxlurl` varchar(300) NOT NULL,
  `wxlappid` varchar(30) NOT NULL,
  `wxlsecret` varchar(50) NOT NULL,
  `wxltoken` varchar(30) NOT NULL,
  `wxpappid` varchar(30) NOT NULL,
  `wxpsecret` varchar(50) NOT NULL,
  `wxpmchid` varchar(30) NOT NULL,
  `wxpkey` varchar(50) NOT NULL,
  `wxpcheck` int(1) NOT NULL DEFAULT '0',
  `wxlaccesstoken` varchar(300) DEFAULT NULL,
  `wxpaccesstoken` varchar(300) DEFAULT NULL,
  `wxpjsapi_ticket` varchar(300) DEFAULT NULL,
  PRIMARY KEY (`wid`)
) ENGINE=InnoDB  DEFAULT CHARSET=utf8 AUTO_INCREMENT=3 ;

--
-- 转存表中的数据 `dt_wxinfo`
--

INSERT INTO `dt_wxinfo` (`wid`, `wxlforce`, `wxlname`, `wxlurl`, `wxlappid`, `wxlsecret`, `wxltoken`, `wxpappid`, `wxpsecret`, `wxpmchid`, `wxpkey`, `wxpcheck`, `wxlaccesstoken`, `wxpaccesstoken`, `wxpjsapi_ticket`) VALUES
(1, 0, '名称', '关注链接', 'appid', 'apppsecret', 'token', 'appid', 'apppsecret', '商户ID', '商户key', 0, NULL, NULL, NULL);
